<?xml version="1.0" encoding="UTF-8"?>
<project-private xmlns="http://www.netbeans.org/ns/project-private/1">
    <editor-bookmarks xmlns="http://www.netbeans.org/ns/editor-bookmarks/2" lastBookmarkId="0"/>
    <open-files xmlns="http://www.netbeans.org/ns/projectui-open-files/2">
        <group>
            <file>file:/C:/xampp/htdocs/graduationsurcas/controlpages/newplace.php</file>
            <file>file:/C:/xampp/htdocs/graduationsurcas/controlpages/adminpanel.php</file>
            <file>file:/C:/xampp/htdocs/graduationsurcas/controlpages/services.php</file>
            <file>file:/C:/xampp/htdocs/graduationsurcas/server/dboperation.php</file>
            <file>file:/C:/xampp/htdocs/graduationsurcas/server/servecerequests.php</file>
            <file>file:/C:/xampp/htdocs/graduationsurcas/js/adminpanel.js</file>
            <file>file:/C:/xampp/htdocs/graduationsurcas/pages/home.php</file>
            <file>file:/C:/xampp/htdocs/graduationsurcas/pages/service.php</file>
            <file>file:/C:/xampp/htdocs/graduationsurcas/try.php</file>
            <file>file:/C:/xampp/htdocs/graduationsurcas/include/navbar.php</file>
            <file>file:/C:/xampp/htdocs/graduationsurcas/include/headerlink.html</file>
        </group>
    </open-files>
</project-private>
